{"cameraMode":{"drawMode":0,"name":"Shaded","section":"Shading Mode"},"sceneLighting":false,"audioPlay":false,"sceneViewState":{"m_AlwaysRefresh":false,"showFog":true,"showSkybox":false,"showFlares":true,"showImageEffects":true,"showParticleSystems":true,"showVisualEffectGraphs":true,"m_FxEnabled":true},"in2DMode":false,"pivot":{"x":-0.4174973964691162,"y":0.06511255353689194,"z":-0.3123502731323242},"rotation":{"x":0.1155567392706871,"y":-0.006575040984898806,"z":0.0005648081423714757,"w":0.9934070706367493},"size":2.6972484588623049,"orthographic":false}