{"cameraMode":{"drawMode":0,"name":"Shaded","section":"Shading Mode"},"sceneLighting":false,"audioPlay":false,"sceneViewState":{"m_AlwaysRefresh":false,"showFog":true,"showSkybox":false,"showFlares":true,"showImageEffects":true,"showParticleSystems":true,"showVisualEffectGraphs":true,"m_FxEnabled":true},"in2DMode":false,"pivot":{"x":13.600000381469727,"y":1.5499999523162842,"z":-4.119999885559082},"rotation":{"x":0.37437349557876589,"y":0.10763603448867798,"z":-0.04374246671795845,"w":0.9201392531394959},"size":1.2247449159622193,"orthographic":false}