{"cameraMode":{"drawMode":0,"name":"Shaded","section":"Shading Mode"},"sceneLighting":false,"audioPlay":false,"sceneViewState":{"m_AlwaysRefresh":false,"showFog":true,"showSkybox":false,"showFlares":true,"showImageEffects":true,"showParticleSystems":true,"showVisualEffectGraphs":true,"m_FxEnabled":true},"in2DMode":false,"pivot":{"x":5.949999809265137,"y":1.5800001621246338,"z":-14.979999542236329},"rotation":{"x":0.13092060387134553,"y":0.49468255043029787,"z":-0.07567517459392548,"w":0.8558204770088196},"size":3.208636999130249,"orthographic":false}